NAME,AGE
Kimberly Bonilla,87
Stacey Stark,84
Alyssa Ross,70
Rachael Jones,57
Mr. Tony Hawkins III,97
Karen Rice,89
Angel Miller,66
Connie Holland,98
Latoya Jones,54
Bradley Williams,80
Bailey Smith,84
Adam Smith DDS,79
Elizabeth Kim,93
Jean Reilly,69
Scott Mcdonald,92
Amanda Ortiz,52
Wayne Gardner,64
Joel Brewer,50
Andrew Velasquez,95
Rachel Mitchell,98
Andre Scott,85
Robert Rodriguez,92
Lisa Thompson,78
Maria Lozano,71
Wanda Graham,78
Kurt Washington,64
William Richard,88
James Hughes,68
Gary Jackson,96
Julia Bartlett,90
Michael Brown,51
Tiffany Blanchard,57
Robert Villegas,86
Amy Mendoza,88
Gerald Lopez,82
Michael Simmons,81
Andrea Key,56
Susan Holloway,66
Michael Soto,72
Zachary Rivera,100
Jacob Moss,59
Kevin Peters,96
Brian Johnson,68
Tyler Johnston,68
Brian Morgan,100
Kimberly Osborn,58
Sheri Todd,75
Michelle Wood DDS,59
Jill Martinez,65
Shawna Jones,67
Elizabeth Hawkins,74
Edward Cunningham,50
Joseph Ward,71
Amy Hanson,100
Jordan Robinson,88
Travis Lynch,83
Victoria Ferrell,60
Alexis Snyder,87
Michael Gardner,73
Heather Knight,51
Albert Green,58
Jonathan Spears,54
Nicole Wolfe,52
Jaclyn Lee,73
Angela Howard,70
William Coleman,79
Robert Ashley,50
Raymond Aguilar,65
Suzanne Black,59
James Frazier,62
Daniel Martinez,58
Roy Williams,74
Natalie Mclaughlin,57
Angela Valentine,57
Jeffrey Fritz,71
Jessica Mendez,76
James Neal,72
Brandon Fernandez,93
Patricia Logan,54
Vincent Vasquez,57
Calvin Harris,80
Kimberly Reed,97
Teresa Ortiz,94
James Goodwin,90
Donna May,52
Ashley Shannon,57
Jeremiah Graham,52
Christopher Harris,58
Pamela Harrison,51
Bobby Pearson,92
Kenneth Barker,99
Mark Hunt,97
Mrs. Tara Barry,79
Steve Stewart,69
Thomas Miller,69
Hailey Gray,86
Thomas Kim,77
Benjamin Moore,100
Samuel Berg,57
Howard Alvarez,72
Ryan Stout,66
Tammy Brown,52
David Gomez,76
Ashley Chambers,50
Mr. Charles Hernandez DDS,63
Nathan Ramos,69
James Marshall,74
Dr. Joseph Blair Jr.,58
Darren Smith,50
